Intercept,Age_Coef,pAge
0.185086351925744,0.169670109727064,0
0.923677381892968,0.139154885848312,0
-1.56084156293997,0.235602379766706,0
0.506732758323608,0.162862350361472,0
0.675510600845098,0.150040769264535,0
-0.525234612527552,0.195677353219634,1.26075999693676e-293
0.0708083610461074,0.179741288131894,0
0.142185311604809,0.176886464321458,0
-0.649982618638173,0.207689258955668,0
0.79921195620243,0.145647837045067,0
0.402496779306445,0.164218933263062,0
-1.06543030017894,0.218712587715502,0
1.08148730801782,0.133093973809225,0
-0.447095766564851,0.191508047975259,0
-0.621231722351004,0.205729729406971,0
1.13091396868056,0.130244718270605,2.38804729078597e-273
1.05888448573932,0.133466231218997,3.25794956520871e-307
1.06371139680931,0.136679800537524,0
0.699773485556722,0.150151906913388,0
1.47081924204624,0.116984861291842,0
1.06914056830719,0.140461200291067,0
-0.739542956082193,0.210165627708083,0
0.417136025855032,0.166789664566167,0
1.46035984312943,0.118704311236411,0
0.331499835750589,0.163830282088275,0
0.552793755429799,0.160265534609842,0
0.051508924932484,0.174171174458163,0
0.63804855889149,0.156444209689638,0
-0.469386200304389,0.194170334643616,0
0.237250746377216,0.170717662477727,0
1.50586106893612,0.122460048594761,0
0.758625651815566,0.150353399657917,0
0.372660634273767,0.16696194152905,0
0.745121717484664,0.150132969892078,0
0.574381328229249,0.153567012719197,0
0.0692485400565139,0.174737630319472,0
-0.134393389814438,0.180752345348881,0
0.398442825876753,0.161198556208452,0
0.433186335654725,0.156908126193744,0
-0.175810761182471,0.187778293071119,0
-0.957684654714659,0.214422401611162,0
0.90592098447903,0.146493498425147,0
1.44315736031152,0.124197249694717,0
-0.497050827583725,0.192239306518071,0
0.681984401007747,0.154507538200644,0
-0.713784599101263,0.204958028788141,0
0.845012590721179,0.143345080512888,0
0.369899479397772,0.167493449124317,0
-0.660849223412307,0.201115319385085,0
0.265662848936144,0.165074437467378,0
-1.11632298794202,0.218929184347515,0
0.812208924400728,0.140969835599901,4.55253036216046e-236
-0.859237715127443,0.20754946672557,0
-0.0718284843401927,0.178573079097998,0
0.0214871550383742,0.175740295804399,0
0.959429529580554,0.136244842480174,0
0.622363126250402,0.151120646535419,0
0.546182088205012,0.155590238210272,0
0.603724059181648,0.159032645196734,0
0.755233314181832,0.146232824915801,0
1.11255783818601,0.135409823444998,0
0.178531792053926,0.174991204456095,0
-0.435799588851036,0.198604169651234,0
-0.131583724738635,0.185670121967625,0
0.675593789374195,0.150778502350255,0
-0.887731605189207,0.208790263001764,0
0.36152787830551,0.160856807183217,0
0.994827534137999,0.138019742885121,0
0.544414030810215,0.154654884894882,0
0.92249511039364,0.139755023346973,0
0.269482088548569,0.170710378954889,0
0.883726995711873,0.144702475417514,0
0.844841776758962,0.143118474385756,0
0.727550527503582,0.148541337704215,0
-0.0358281537208209,0.182067755345778,0
1.26350597980445,0.125656400659907,0
-0.34858614803858,0.197394769510798,0
0.844026436757592,0.142324359312251,0
-1.0241583850256,0.218440907075586,0
1.0149553805034,0.132963554662653,3.06516437782438e-288
-0.712364697546793,0.20333085557042,0
0.150308372949165,0.171107234678377,0
0.486895772614892,0.157263396541564,0
0.690258171558947,0.156589490583048,0
0.902977878353946,0.138251150479119,0
-0.190025768379339,0.189505150150438,0
1.08318796677358,0.130033887858973,0
0.575844419810669,0.154573717691754,0
-0.00532749068394752,0.181872945013816,0
0.0387287315245135,0.174661278077225,0
0.431290492133688,0.159233688763544,0
0.963075627370617,0.136092995181699,1.84740702486799e-297
1.27026124873909,0.123068375909116,0
1.31641337062928,0.126291535225683,0
0.780410495739553,0.142787380088313,0
0.996272415542171,0.138213431361819,0
-0.218961014406962,0.189823421858207,0
0.119219343534604,0.172381562261888,0
1.18109642707642,0.128814067261658,0
1.14128394842175,0.127777167601876,0
0.350206438452531,0.162452690860623,0
0.231168418653741,0.17342972092961,0
0.0802001247427127,0.178060574821555,0
0.67670596803782,0.147846325355344,0
0.249412582775581,0.168292216864087,0
0.27606439465519,0.163848502387336,0
0.160162906806662,0.168968788311347,0
0.440424954100446,0.157793126899866,0
-0.215884668907708,0.189789496635068,0
0.500847419309663,0.156688335455113,0
1.04888189017591,0.137441837107807,0
-0.383765993967908,0.191048187878627,0
-0.637047229936545,0.198359622468085,0
0.311038891146864,0.164333726602396,0
0.197098996946553,0.16763019349937,0
1.12686407781743,0.128973430416573,0
0.0152481337689313,0.174823122575578,0
1.00374071209414,0.136036995719474,0
0.984941203744115,0.136640604852975,0
0.363796552941316,0.160320492188686,0
1.14124721367424,0.130141089856044,0
0.269482088599086,0.170710378952403,0
-0.472825923631079,0.199592536379861,0
-0.681151236763282,0.203715704303178,0
0.00701515068030751,0.173992334303758,0
1.33018421320987,0.122048992925194,0
0.135499576946927,0.170059897436793,0
-0.039040101095869,0.177367298291158,0
0.930007750997623,0.137051092799169,0
0.859321129385832,0.143171295845155,0
1.02501858678993,0.133458916649421,0
-0.27331400609408,0.191455405337784,0
0.726364521694388,0.14849304954203,0
-0.138433128952328,0.18744337778398,0
1.05639514358814,0.141896225703332,0
-0.447095766807657,0.191508047983629,0
0.246150239697232,0.173113971450235,0
-0.190946018864686,0.183104626484886,0
0.4532241490837,0.15787576188701,0
0.672301856950989,0.149182231808322,0
0.553339404327718,0.159992101617573,0
-1.17787327677623,0.22583253805521,0
-1.33881474061694,0.228729025916876,0
-0.510226520270864,0.195289033478637,0
0.893902391146432,0.140851491531608,0
-1.41358701069712,0.227634024345011,0
-0.858279517007467,0.21455735524863,0
0.812528139682401,0.145932278444738,0
-0.417265054878106,0.189669536652113,0
0.277734695936276,0.16302687845565,0
1.29308127284545,0.124436537603205,0
0.185086351941472,0.169670109728504,0
-0.455195642827333,0.194132572663031,0
-0.425253138368355,0.198123618705284,0
0.903112542946949,0.145119013070709,0
1.19240969567074,0.134268764079006,0
0.68104951417205,0.156929739849295,0
0.317418097556209,0.162308032876165,0
0.0130179698795762,0.176423530965426,0
0.86310369953646,0.146660119737907,0
-0.511571131760811,0.20144446813174,0
0.182165627912093,0.168607650367324,0
0.933788930247313,0.143963562397276,0
0.50084741875135,0.156688335351464,0
-1.2259688931003,0.229067498960327,0
0.652012083711005,0.152123218006331,0
0.408082399138674,0.158601845223183,0
0.106857145982776,0.171116374387479,0
-0.51157113167128,0.201444468120013,0
0.198715291011712,0.174794948350717,0
0.847952328565367,0.145618035740634,0
-0.853329132543232,0.208410297586499,0
0.715721608838883,0.150358813231987,0
-0.531872079587499,0.202428352188101,0
-0.00235445245011885,0.177366772401205,0
0.367982299680444,0.16156153058485,0
1.49987879970455,0.119213098374274,0
0.130567348434264,0.173218451886287,0
0.978434266339554,0.135353522517266,0
-0.146443590881102,0.188926606464114,0
0.715721608843662,0.150358813232364,0
0.500683662903876,0.154502377617093,6.29086015926868e-268
-0.712364698800312,0.203330855608832,0
1.58659338960798,0.115215697511793,0
0.577075485804064,0.152816246442991,0
0.282290086186092,0.165561851870074,0
0.651305359882986,0.156320873107387,0
-0.106970815179321,0.185626708613012,0
0.971497592834437,0.139938000421157,0
-0.607651456908258,0.20523182357639,0
-0.161178978839773,0.187602676493287,0
0.328725076906016,0.163199778507256,0
-0.93112233044151,0.21731420726765,0
0.410291600930808,0.157428782940763,0
0.474609846366008,0.155911895204202,0
1.29365447454392,0.127384360094685,0
-1.24772011327566,0.229311204542263,0
-0.278563626050942,0.18810547891314,0
-0.148479945133761,0.183464954787836,0
-0.578638646728156,0.200012115367751,0
1.02661999796614,0.13541058277689,0
-0.0747719509968501,0.178923605816073,0
1.05903321572693,0.13390399544345,0
-0.0283975953617624,0.184348337579812,0
-0.528231786514077,0.197162972962299,0
-0.0186429600057574,0.175340204755827,0
0.525490161205019,0.158328917785382,0
0.117596759647997,0.177161379453411,0
-0.0478569946181128,0.17515795725073,0
0.31790745568721,0.167743093653183,0
-0.5061005467983,0.201893233479998,0
-0.422834339487594,0.192763355121981,0
1.45875044782968,0.117600079537634,0
-0.401846427680514,0.196753447125378,0
0.0119293295450217,0.175732639522673,0
0.331499835747522,0.163830282088945,0
0.186962416425425,0.175476712979576,0
0.0437398285489943,0.174264467950182,0
0.744091491705018,0.152015594063531,0
-0.440728531387949,0.192639623528841,0
-0.080590139449418,0.185440763313541,0
0.586498291841648,0.157263819513542,0
1.19183191291971,0.130710939230107,0
0.690942692373208,0.151631624910269,0
1.38370125375663,0.1232419950151,0
-0.720160970004307,0.204713933919728,0
0.893902390625889,0.14085149159282,0
-0.188958933402586,0.182138085659684,0
0.586498290156473,0.15726381958699,0
-1.78088249603922,0.242350656751013,0
0.500847419285273,0.156688335450594,0
0.696185733541369,0.143897656670705,0
0.463684689726895,0.16434900755449,0
-0.272318416138848,0.19187032855384,0
0.744970381011564,0.145570233417833,0
0.535785376933715,0.153363746002226,0
1.11305488960919,0.14060177567352,0
0.64148139047334,0.153696128006859,0
-0.16104666644899,0.182601429447483,0
0.979785074980783,0.14460360685524,0
0.496149426170037,0.163019896735517,0
1.11996282457566,0.135887940745306,0
-0.645598544450482,0.200491885063262,0
-0.414588785311279,0.198113991375059,0
-0.625814504219246,0.201604572866017,0
-0.272010174214256,0.186224436149718,0
0.745659371282027,0.146635729736309,0
0.0365950391286405,0.170244888779102,0
-0.291951521979245,0.192665407591184,0
0.638170059127224,0.153823821820975,0
1.15622752899327,0.127767511232222,0
0.350206438507488,0.162452690865418,0
0.473991967729454,0.159266096575394,0
0.187946533602796,0.170988870062541,0
0.789706235884031,0.144525374601015,0
0.696679585914482,0.15375966387495,0
0.582644306243164,0.158891627245001,0
0.398532208091638,0.159482453822961,0
-0.0578358345567823,0.177778930169713,0
0.102011630476985,0.171621218964048,0
0.470750551535904,0.165276094433776,0
0.222592177160433,0.171974693145285,0
-0.402770329027966,0.191633921729183,0
-0.560034370003447,0.198401552082743,0
1.13977733737617,0.129000114440025,0
0.842431122268601,0.148941572360437,0
-0.623454247429916,0.200350155095114,0
-0.493654541716696,0.195500383496609,0
0.624554827492971,0.153362566970153,0
0.251016031705084,0.170954422049556,0
0.510495426721659,0.16240237792457,0
1.62853269391128,0.11072390722556,0
-0.681581824123056,0.201989604971973,0
1.40568742610177,0.119634666772558,0
0.178035828491195,0.164216885429875,0
-0.187718239438052,0.183510682567646,0
0.136078653830481,0.170136509255533,0
0.350923698048611,0.160769650265484,0
-0.632338980808483,0.200654970844324,0
0.491636942015333,0.163289293280677,0
0.744091492275431,0.152015594027586,0
0.113661140657275,0.170044230864073,0
-0.662949626835735,0.199016035094729,0
1.12712463659082,0.130825019223636,0
0.35020643804694,0.162452690825553,0
-0.392020313651591,0.191457017834881,0
-1.43225979121365,0.238500072786565,0
0.675510600726662,0.150040769292545,0
-0.162000077569706,0.181785315738205,0
0.41512367222171,0.160940281710114,0
-1.61063112216961,0.238880802309951,0
0.102011630547673,0.171621218965005,0
0.224192716783695,0.165570724681004,0
-0.43791481067972,0.189762540899107,0
0.681984400897128,0.154507538207637,0
-0.284371802358756,0.187126469430566,0
0.467940832232513,0.163397251967079,0
0.159673411897708,0.175395940523813,0
1.12383876129194,0.133308479329014,0
0.516779852665849,0.156251413282223,0
0.885128212468027,0.142377804479101,0
0.859321129421987,0.14317129584622,0
0.833171980983616,0.144235826174625,0
0.379390975613874,0.160301909655044,0
0.377787202842594,0.16145698092465,0
0.765224211910651,0.144236856165432,0
0.777432682716165,0.145325017425945,0
1.25063629904052,0.132074636072588,0
-0.86754762657549,0.208527823524409,0
-0.281025276917519,0.187295440741171,0
0.603724059060614,0.159032645209729,0
0.398691564275781,0.166295851751241,0
0.115721263627914,0.171011943794208,0
0.336802373382546,0.164532755762832,0
-0.118806933437914,0.180942432459996,0
-0.819021714252495,0.208031906289902,0
0.688271118255105,0.149005055585935,0
-0.505564883631879,0.201318410329401,0
0.543348048083036,0.155784160436333,0
0.885256554133205,0.147095681226953,0
-0.373450658864897,0.190232049837654,0
0.542051372765654,0.159192759648712,0
-0.819545831071486,0.205756593291267,0
-1.0121510949051,0.216432874800433,0
0.920884212434843,0.143374649136765,0
0.157616922372855,0.174537159838117,0
-0.12552721410488,0.186129631501006,0
0.189791690523671,0.172320179945225,0
-0.800268925459404,0.207737181499015,0
0.854854651023957,0.149588004937889,0
-0.887453033147795,0.2153180273982,0
0.33967252824657,0.163119811103823,0
-0.523899322382348,0.201677266598647,0
-0.126044428043459,0.185863510428544,0
0.610589073940542,0.149949465350882,2.12325747706281e-299
0.710656119964302,0.154146150631564,0
0.699773485761938,0.150151906889388,0
0.466076508359906,0.158335041464904,0
-0.888098675285935,0.209452321016399,0
-0.0908678509429531,0.186493669269962,0
-0.00267399517416063,0.175586382729803,0
0.71567994031428,0.154867321692276,0
-0.491604733946496,0.195558795991477,0
-0.114969582210571,0.180417055789068,0
-0.176708178229925,0.179446078052245,0
0.582728734405252,0.153660428663429,0
-0.696290116518733,0.208680744612399,0
-0.24912876073125,0.183004959286087,0
-0.689423410032289,0.20214042454147,0
-1.4524233902078,0.232873486830044,0
0.692070823632676,0.147138239329313,0
0.334072564737073,0.166365273200428,0
0.523049454579243,0.15698523017808,0
0.410291600930745,0.157428782940762,0
-0.61067713892309,0.205264054573408,0
-1.70172293556294,0.24171822377401,0
1.43908179890165,0.11534174568201,0
-0.0317286964597825,0.182793315831557,0
-0.0874917332776971,0.184739056139531,0
0.479231034112055,0.158358802080672,0
0.710530669018824,0.150863756137639,0
0.684088823954056,0.154506717513278,0
-0.971687862664246,0.214121332166077,0
0.427714810312177,0.166424665149016,0
0.755233314084362,0.146232824925597,0
-0.213861763048876,0.189006169570165,0
0.336802373310477,0.164532755786321,0
0.154493819068575,0.170426398695702,0
-0.139439398573803,0.18285217646124,0
-1.35104042002488,0.23380775944248,0
-0.151095509408168,0.183211599903891,0
0.476731856049429,0.159188077044195,0
0.214809043083679,0.168381491072532,0
-0.0979079170506945,0.179522812707088,0
-0.178650470374388,0.183072400701654,0
1.11996282631554,0.13588794065821,0
0.336802373383206,0.164532755762631,0
0.755233314173811,0.146232824916615,0
1.12383876142404,0.133308479318977,0
-0.372736225791107,0.190834470124248,0
0.372659528347142,0.166961938158513,0
-0.0519412448253938,0.183521344191073,0
0.710656119947399,0.15414615063241,0
0.336802373383041,0.16453275576267,0
0.186962416127321,0.175476712987428,0
-1.95484566368725,0.250944969200104,0
-0.636494302660989,0.20137544886404,0
-0.021793348408869,0.18317811894878,0
-0.00136790057326103,0.17636225723153,0
-0.73903274997461,0.20545024789613,0
-0.901020779851123,0.216842542420583,0
0.964315159948162,0.140910115821916,0
-0.114969581942121,0.18041705578121,0
0.156085338467043,0.168854000868284,0
0.77356873025266,0.149549603318884,0
0.310602668551821,0.170059367041602,0
0.160736342842004,0.176509534363494,0
1.47251479572023,0.113978865274142,0
1.2475929480422,0.127105850682059,0
-0.0622649227791349,0.183318868242297,0
0.626711273933011,0.153270076738217,0
-1.04311480373113,0.215928715746128,0
0.353814396588542,0.164908465483856,0
0.928672253774454,0.143082799433249,0
-0.818991278646031,0.212302245759389,0
0.788511037254205,0.141860141104676,8.73633538643023e-281
0.777653526822969,0.14726775799064,0
0.0126099914893443,0.177765034714562,0
1.37559270301825,0.122304329648882,0
1.28845123161148,0.127083095860617,0
-0.346749435822845,0.194528699592848,0
1.22123945950022,0.134434626098579,0
1.16899569289871,0.134735472977577,0
0.336802373342629,0.164532755775793,0
0.191495966128007,0.168536732212601,0
-0.191769855298687,0.190164888575212,0
0.574386789247597,0.153566876821131,0
-0.0861462266243261,0.180581464830283,0
0.310948103888001,0.171027082333259,0
-0.961701095702193,0.212230435221143,0
-0.435799588794308,0.198604169650117,0
-0.41508430249749,0.197540155143162,0
-0.218679914153461,0.18571051603439,0
0.382340939048448,0.159546107937449,0
-0.542066728406859,0.201677365111035,0
0.284870362679571,0.16604350732132,0
-0.0861462266249046,0.180581464830272,0
1.78328533216912,0.100088909630882,0
0.106857145931273,0.171116374395367,0
0.739449452974589,0.152910997529422,0
0.688094609315416,0.150755386439534,0
-0.440728533315804,0.19263962355318,0
0.548842052167139,0.155994127129178,0
1.18774341861735,0.133251567135398,0
1.32114579431426,0.127469374295849,0
1.05834477004104,0.137695974089312,0
0.482016685306657,0.163737269947941,0
-1.67036951855828,0.240511851922145,0
1.11390471536633,0.135959862476453,0
0.807245602553241,0.150414747460723,0
0.44038045590101,0.157068391943623,0
1.10060600101778,0.13480870860065,0
1.08391415042984,0.137985650566238,0
0.578037511473672,0.15786921599482,0
-0.685638132111627,0.204199188794143,0
0.247992472552628,0.165972668522024,0
0.752225369436272,0.146442407906807,0
0.995921386963746,0.137665397584557,0
-0.588619071005704,0.203632510564237,0
0.124533440327087,0.170242299442386,0
-1.04907539846155,0.215988991245002,0
0.568875505690112,0.154753110955833,0
-0.304160062638905,0.192709671702833,0
0.289008796858383,0.165967421071365,0
0.583214754694692,0.158060395163044,0
-0.332412736112536,0.189109780660096,0
0.731085984910693,0.145267479855599,0
0.516118167753404,0.159541926444577,0
0.123739281796593,0.171680512959937,0
0.266236066436984,0.171160581558941,0
0.450909692664353,0.165067235756237,0
-0.0217933484180517,0.183178118949016,0
0.0880725849370641,0.173577598542064,0
-0.0431817162676939,0.183777868348094,0
0.415270934528386,0.158149614341392,0
0.782104235685124,0.145698724372213,0
0.00397661089673062,0.179915805328636,0
1.04137529731864,0.134887516436988,0
0.974145392803376,0.140151600552879,0
-0.0990343163459894,0.184437726117525,0
0.211921306216271,0.165975037069458,0
0.0708083608923731,0.179741288139082,0
-0.124007963786108,0.181703739241768,0
0.216073281669394,0.171843935656301,0
-0.0932695543720928,0.181271815416619,0
0.696566042970446,0.156305432781298,0
-0.245525439246533,0.186764482264976,0
-0.41212614171564,0.197728941011059,0
-0.874871648733926,0.215027767808815,0
0.668346714071452,0.150292069452871,0
-0.972255596155635,0.211257251583895,0
1.26278671359034,0.124929313140028,0
0.985194291775619,0.137010583674311,0
0.415123671658135,0.160940281743093,0
0.500847419311882,0.156688335455554,0
0.592686301767355,0.160468895596653,0
0.869778937601807,0.143435480559393,0
0.894906850221103,0.140766250740731,0
-0.912906188930882,0.217517949236021,0
0.0170192986723623,0.176846595145232,0
-0.0977216525812747,0.181367719271889,0
0.147317997139198,0.166276708227793,1.98936905830238e-265
0.771551340729679,0.150241074080337,0
0.264110259244744,0.164603488386781,0
-0.496971802060557,0.200611482559892,0
0.210785753155399,0.168123691378666,0
1.00671443145555,0.133774467348915,6.29681989211611e-288
-0.818991278646363,0.212302245759417,0
-0.738275322011264,0.210801842148775,0
-0.493654541719005,0.195500383496574,0
0.606970914388603,0.151601171537424,0
-0.704954884632047,0.20342039472082,0
0.222723110304309,0.169401522116913,0
0.752225368967547,0.146442407860869,0
1.33895022367694,0.130917452865951,0
0.851818885696344,0.145365490666466,0
0.13419864658982,0.176429564937026,0
-0.158815070383291,0.182248082897279,0
-0.50166685119168,0.195459844918103,0
0.809021603650049,0.139177459002845,0
-0.0243435261833244,0.177884523832718,0
-0.567747730222125,0.203597757642708,0
-0.389234802650767,0.198275274504821,0
1.15905344058462,0.135208184105523,0
0.150579410007451,0.171079729613503,0
1.11290182112225,0.133967217000671,0
0.33484814106358,0.168748298107054,0
0.584297206304532,0.15755169647501,0
0.281111706773849,0.173267589470169,0
1.24759294765208,0.127105850713184,0
-0.56356422920782,0.195052205724779,0
-0.653649423803416,0.200065357257449,0
-0.208538643326545,0.182484477840343,0
0.49884541384701,0.161884968086205,0
-1.15541505295563,0.220636245866926,0
0.322739614347343,0.163819096152079,0
0.70174255686513,0.153704854946507,0
-0.0334181204109831,0.183765453526034,0
0.154493818853368,0.170426398658096,0
0.433186335653666,0.156908126193793,0
-1.15990373432388,0.218673049911506,0
-0.166731856086418,0.187569245112588,0
0.475324962441936,0.157731506906704,0
-1.11632298662938,0.218929184295045,0
-0.36746916874409,0.190627407555862,0
0.728698898108396,0.148912354690431,0
0.443910863090397,0.159482096879112,0
0.377548907751237,0.166588438200339,0
0.794601307095262,0.14969026458543,0
0.57518941800977,0.153551625371036,0
-0.320805528449645,0.188676152333997,0
-0.782846030397535,0.209995851656837,0
0.915288681334386,0.142493477861562,0
0.110850591816347,0.172278065353954,0
0.552763726078051,0.152267771078788,3.54417844950235e-260
0.197027443530714,0.170377383270645,0
-0.256319447876955,0.184573383839372,0
-0.450970995557747,0.198549188898087,0
0.761587088809463,0.149332592580814,0
0.517364962399122,0.160387595155876,0
1.34025771159424,0.123615897671998,0
-0.383676863865689,0.197184891264329,0
-0.59474737641675,0.205098004786816,0
1.1129018210938,0.13396721699696,0
0.933765641027906,0.145060006464602,0
-0.752240294188726,0.205402903419824,0
0.33484814162187,0.168748298083405,0
1.11053449008714,0.136805518697492,0
0.809573919797731,0.142084302779721,8.09103524321396e-292
0.950318134344186,0.142328399470996,0
0.246150239809444,0.173113971441485,0
-1.15728030612117,0.226761892685182,0
-1.32106822364444,0.225636694524067,0
0.0437398286080705,0.174264467955747,0
-1.33226474473519,0.226999045327863,0
0.124272861573668,0.170267091553151,0
0.32087579566744,0.167231060897561,0
0.246150239694789,0.173113971450427,0
0.609010954422107,0.155820280197096,0
-0.420279442184201,0.192131741648525,0
0.272145686470582,0.168143127648424,0
1.45780902606046,0.114604397549771,1.07239107870041e-302
1.61817377792536,0.118811139627111,0
-0.887731604827252,0.208790262999167,0
0.277864874573057,0.164195815757215,0
0.0348354510241572,0.172784472737455,0
1.29350229750974,0.128454558541806,0
0.861634882617825,0.141092733254772,0
0.352373243097254,0.163754224915654,0
0.865765170930756,0.143792165849962,0
0.64120121047012,0.156970845926402,0
-0.341255757292944,0.190032430597318,0
0.660334169550571,0.150176115401482,0
0.137219803285628,0.175847600057073,0
0.930680412398381,0.137513207260605,0
0.888443290773428,0.147773984971107,0
0.364990547326222,0.16265910792714,0
0.358273279015836,0.161664756415217,0
0.18696241641914,0.175476712979742,0
0.202328309059777,0.163226766878922,0
1.15058765599481,0.136581672296703,0
0.990880487716237,0.131866713556469,0
0.623728752354312,0.148826711936937,0
-1.18964681046912,0.222096553037239,0
-0.385098597213659,0.190471830899569,0
0.248110441791655,0.172066594600552,0
0.742528508764445,0.134872934718876,9.49657355624905e-149
0.588988708359516,0.153974312031392,0
-1.19221614716601,0.227277697133833,0
0.242720069753558,0.171978464780821,0
1.43665159711548,0.123594881221082,0
-0.025895387966662,0.176321876325226,0
0.229510727042456,0.167454820193154,0
1.02060471569582,0.146102745645337,0
1.01966178132956,0.144362172882604,0
0.758625650251523,0.150353399742152,0
0.850745653802523,0.139955375937581,0
1.08380357520867,0.138425939063798,0
0.342308458289808,0.164990211733098,0
-0.713784598439333,0.204958028776474,0
0.99627241597887,0.138213431366645,0
-0.621231721481684,0.205729729329175,0
0.538701780716818,0.161104348686079,0
0.322739614347374,0.163819096152108,0
0.426936301531722,0.160337808117534,0
1.4444363327453,0.121556071736867,0
1.2087044090925,0.131146149747921,0
1.16818781128211,0.134088535797858,0
1.19733972726521,0.134077040163671,0
-0.218679914139638,0.185710516034326,0
0.535785376982618,0.153363745993793,0
0.945951546543663,0.142456000451524,0
-0.853329132544027,0.208410297586517,0
1.35852446672366,0.123486564813651,0
0.578328476977896,0.151946686074155,0
0.382685308727861,0.1658312502317,0
0.220683479724423,0.167047395013219,0
-0.552309763505492,0.198666524034885,0
-0.0644513500119382,0.178162028114957,0
-0.0660785391723339,0.183809256173768,0
-0.0979079171135398,0.179522812709378,0
1.12712463654896,0.130825019222716,0
-0.0906204297532434,0.179877359964205,0
1.26259906654107,0.133027864877971,0
0.933542027344318,0.139058264948147,0
0.675593789690566,0.15077850236507,0
0.35320529523674,0.167769510952283,0
1.17308550703978,0.135651747220952,0
-0.713325063069717,0.201719753904428,0
-0.52989158042583,0.20023297451463,0
-0.828658085731643,0.208963498003914,0
0.622810792379926,0.154749135000197,0
0.689462314761506,0.148318973764755,0
-0.177239341194916,0.187221629819504,0
0.377548907767785,0.166588438199593,0
-0.607651456906444,0.205231823576324,0
-0.237135061212978,0.186335868933004,0
-0.48094528480058,0.202236293234408,0
0.350432462161185,0.161940088645251,0
0.652012083710682,0.152123218006491,0
0.479231031260093,0.158358802030001,0
-0.227235342545941,0.182789601807411,0
0.322739614347354,0.16381909615206,0
-0.193986258576044,0.187405078477362,0
0.577501277246887,0.154848715233719,0
1.26278671549733,0.124929312919449,0
0.74409149137329,0.152015594084438,0
-0.589560016339308,0.19887814893539,0
0.364990547393712,0.162659107915436,0
0.996509582160005,0.135919389963293,0
0.246150239680776,0.173113971451511,0
-1.5097041655991,0.240796862214855,0
0.427477717979079,0.157624740359655,6.74460217927392e-301
-0.542906435393569,0.195367840175308,0
0.333528374083349,0.163122472795537,0
-0.0103713220984983,0.177069481913707,0
0.406375061992274,0.168750810455975,0
1.07951140928874,0.140814617716277,0
0.935246784034445,0.13464873703582,0
1.09573540574862,0.134224734000988,0
-0.370061038008797,0.191705302568877,0
-0.712364698616488,0.203330855603202,0
0.670831340267753,0.150870529721572,0
-0.263448432767861,0.190598319029169,0
1.02661999812053,0.135410582790966,0
0.1371504102943,0.175774924353159,0
-0.610677138945382,0.205264054576357,0
0.394464877265373,0.159499867392134,0
-0.165746707119552,0.188500739002731,0
-0.868407675815607,0.215721626458589,0
0.303314141922806,0.160973538721478,0
1.09363701185066,0.137471273780762,0
0.73944945282877,0.15291099754149,0
0.944713091057461,0.138837878688286,0
-0.0410088062924938,0.176252387057577,0
-0.999843022522254,0.214236789285316,0
0.010202677101072,0.175457484050109,0
-0.0290168854131102,0.174083000657993,0
0.107313742680011,0.17105358504165,5.72511072797696e-307
-0.0854525432180445,0.180666395560303,0
-1.19252875598057,0.223352955471251,0
0.501976890276481,0.155303240030132,0
-0.658602195458262,0.201604412974468,0
0.492613384210361,0.157033237154674,0
1.27365309639492,0.123048008492729,0
0.150579410011528,0.171079729613802,0
0.594294346783805,0.153095655134377,0
-0.403747014521177,0.189892041567382,0
0.613531927204016,0.158826598930029,0
-0.389234802625872,0.198275274503683,0
0.0809430576928768,0.173118619952382,0
1.16792879135472,0.131718975476274,0
0.850745653448492,0.139955375912728,0
0.573314074866857,0.159282388819778,0
0.500880537673679,0.158094964799998,0
-0.81064911620037,0.204360397267404,0
-1.0204090202774,0.215014403485753,0
-0.161670673482796,0.181743066788696,0
1.23410216687251,0.121714172952088,0
0.298541317038209,0.162856522383359,0
0.964315160168255,0.140910115834224,0
0.124272862119863,0.170267091558888,0
0.763605034762997,0.146334981412283,0
-0.131706734348479,0.179441345083646,0
0.206405751437204,0.173963844586157,0
0.950318132798967,0.142328399552333,0
-0.447949168575238,0.19521981879999,0
-0.00499756784791041,0.18143736808161,0
1.47063744751535,0.121007108375868,0
1.09427821988568,0.130127772440246,0
-0.828658086064857,0.208963498012932,0
0.29841072713919,0.162838576885354,0
0.01192932953359,0.175732639524339,0
0.588202375312919,0.157951615380611,0
0.361305325152465,0.162551066900394,0
1.14879029060831,0.127855218347627,0
0.314710561998735,0.16862896306279,0
0.671777615436393,0.149681997677026,0
0.809573920319868,0.142084302746271,8.08838630006227e-292
0.861527188665417,0.143737048169531,0
0.0437398284055131,0.174264467936563,0
0.537040330071653,0.15177149536343,0
0.369899479583658,0.167493449113645,0
0.534809816462521,0.155944492092064,0
-0.209928391677356,0.184403620371081,0
-0.0158021936535834,0.176849493976572,0
0.147993750045339,0.169731378383438,0
0.272707019399673,0.170207618574027,0
0.705932325577057,0.148728974314549,0
-0.709206159240497,0.208846307727841,0
0.135499576804015,0.170059897428471,0
-0.0482228037711897,0.179263687290273,0
-0.484167735236601,0.200865442171403,0
0.96681143623003,0.137753479929039,0
-1.05594313029127,0.21654663092048,0
-0.154541205697976,0.180345260197717,0
0.264110258925369,0.164603488379773,0
0.480743684823294,0.158335274123483,0
0.675142113925664,0.148613870716157,0
0.0708083610599493,0.179741288131246,0
0.0181354808294747,0.181358682879038,0
-0.455195643245008,0.194132572670061,0
-0.217174211273424,0.184752904973888,0
-0.305399935194688,0.183727687555976,0
1.16064211161082,0.129812432696963,0
0.542448076837003,0.154336574970978,0
0.67155947382712,0.155954967975811,0
0.453826286762611,0.158332187690016,0
0.322176380413726,0.167478147808694,0
-0.202682274942875,0.185578681612967,0
0.609193234478893,0.151131830828828,0
-0.382579391749529,0.195169573695798,0
-0.810590750214116,0.208262121623829,0
0.541810327708915,0.154992413102354,0
0.670831340219275,0.150870529739937,0
0.870186483816762,0.14553292342366,0
0.011929329600774,0.175732639514535,0
0.558914040052752,0.152605651949026,0
0.305137014709446,0.169625691248421,0
-0.352018897086371,0.189064716939824,0
0.513789944955924,0.162125712128786,0
0.62416834583107,0.152552940523897,0
1.02252161705884,0.136726536169728,0
-0.274430405326015,0.185325860579714,0
-1.81895387362058,0.247964058212596,0
-0.332744775414399,0.189097473630586,0
0.233415961523258,0.171008549305762,0
0.39869156534498,0.16629585167253,0
0.388576638153315,0.167602649504472,0
0.0708083613519486,0.17974128811759,0
0.745659371222607,0.14663572974007,0
1.18597063050698,0.131856095887001,0
-0.903718152206969,0.216175797439425,0
0.206405752143207,0.173963844554804,0
-0.448998230947146,0.198060867454722,0
-0.930616077993028,0.217871067616352,0
0.414068649070712,0.165666348095714,0
0.523526018873269,0.164626390739259,0
0.690942691786608,0.151631624896669,0
1.57345291377568,0.119555895282191,0
-0.534372069576737,0.197404787433677,0
0.353205287927296,0.167769511378292,0
-1.1108877309483,0.224184099208177,0
0.112269669020274,0.17666419767308,0
0.339672528246877,0.163119811103818,0
0.636347332502785,0.153580147758179,0
1.5800528252835,0.116754504722962,0
0.975650322507259,0.140466192103235,0
0.241450590863161,0.165769258863909,0
0.13002639144182,0.17225373075713,0
0.495268706427626,0.155232161422134,0
0.799955238702635,0.146420514727612,0
0.0489757566370425,0.180528943974839,0
0.00574191951348749,0.182032410722621,0
0.555092362613421,0.161439719970424,0
-0.051865080381223,0.177529428063179,0
-0.229204523900155,0.188861399685465,0
0.0496034180817156,0.179660032387619,0
0.248813114032566,0.16688871836497,0
0.70635965309013,0.147684287795586,0
0.32273961434727,0.163819096152038,0
-0.37273622617051,0.19083447013031,0
0.372659528353171,0.16696193815817,0
0.506311032456807,0.157351231869987,0
0.157616922026868,0.174537159853941,0
0.0880725841639715,0.173577598463423,0
-0.207198947751781,0.189836615122515,0
1.25535097499096,0.128861140006733,0
-0.223093857841606,0.18946291976803,0
0.298171529872603,0.162446891415028,0
1.26278671467525,0.12492931301454,0
1.3286150511116,0.125281534690637,0
-0.240888970955077,0.190911767327202,0
0.00429446324055341,0.176108379011078,0
1.02661999811923,0.135410582790805,0
-0.411165398191566,0.196938587647732,0
-0.200656558384509,0.184059147087374,0
0.134198647302498,0.176429564900402,0
-0.0729433943270884,0.177617321454995,0
-0.0219834316760904,0.176525603415917,0
0.916664105879076,0.140356755312837,0
-0.594747376401955,0.205098004785853,0
0.0505050582025134,0.17397079574833,0
0.0195395330765832,0.173572793947389,0
-0.602176765143258,0.196651688735891,0
0.943285175850415,0.138865792753891,0
0.522542276247139,0.154471565521309,0
-0.0243435262039277,0.177884523832457,0
0.550510014548758,0.159206023595924,0
1.44636888249844,0.118675965608423,0
0.496149426130271,0.163019896737683,0
0.257949232387342,0.166860430405146,0
0.322739614347167,0.16381909615208,0
0.635287961319796,0.152350144760237,0
0.0321074457258282,0.179747038906915,0
0.552489292303008,0.155329853707313,0
0.748524271551815,0.144409717793406,0
-0.219725478550217,0.190142937095289,0
0.248110441784983,0.172066594600916,0
-0.0836979788254649,0.187117579826443,0
0.782104235403969,0.145698724335905,0
0.11019851964909,0.178404242656814,0
0.690942692221032,0.15163162490676,0
0.230477005159084,0.174964730923916,0
-1.07645904231267,0.211042581670222,0
-1.06543030015591,0.218712587714782,0
0.476731856316464,0.15918807716897,0
-0.782846030329706,0.209995851659464,0
-0.927029804835965,0.217924161563047,0
0.0738877976273824,0.1732834677772,0
0.5122658639195,0.162466576302459,0
-0.574208937782077,0.203903325204449,0
-0.2444846056408,0.190523773547815,0
0.131935213456391,0.176055598210944,0
1.15905344102356,0.135208184070915,0
1.03652291989689,0.132689561619973,0
-0.0782595588819872,0.178623705436131,0
1.15940574813962,0.131523007392244,0
0.478099771024592,0.158063192067515,0
1.30573514296235,0.122463787847632,0
0.77808314202456,0.14010154773981,5.94071504174549e-266
0.864005776402669,0.150653320134682,0
0.659258697434175,0.154925120000607,0
0.921954878397963,0.137386679194354,0
-1.40855547898634,0.226158505382939,0
-0.739032749189831,0.205450247877692,0
-0.087491733268896,0.18473905613912,0
0.495731948030804,0.157766841026544,0
-0.0334181195241003,0.1837654534873,0
0.671559473754675,0.155954967980501,0
-0.802566581316441,0.20757739986116,0
-0.576577695313265,0.199718374627717,0
-0.45519564324225,0.194132572670014,0
0.432388627708175,0.159264868199786,0
0.359262012630528,0.168059154883194,0
1.16516260055618,0.124815497117446,0
-0.0638052915737252,0.175572047732111,0
-0.432413664456753,0.193275616715916,0
-0.772143271935882,0.204759995972837,0
1.02286851974223,0.13528463090489,0
0.248249826762195,0.170997954397916,0
0.198764322918801,0.16871300180166,0
-0.441466909729642,0.19337622687932,0
-0.0861462266761486,0.180581464829415,0
0.42747771790656,0.15762474035936,6.75245855551159e-301
0.561704029409906,0.160820404739888,0
1.13512416621111,0.138380412404737,0
0.110850591614494,0.172278065333933,0
0.26749649568815,0.172018226357512,0
-0.504186613489873,0.194084500739091,0
0.631427401272011,0.149574279817355,0
-0.0861462266275726,0.180581464830229,0
1.17557905017828,0.133055166750189,0
0.353205295249373,0.167769510951548,0
0.0496034182453336,0.179660032380138,0
0.159673411812106,0.175395940528126,0
0.269482088473025,0.170710378958589,0
0.210785753156051,0.168123691378593,0
0.142143246689243,0.175541769534125,0
0.723210498344442,0.147696717431171,0
-0.174037496319197,0.183120620175669,0
1.21006090435007,0.135723652386947,0
-0.668474366164332,0.200645134979891,0
0.713688233536252,0.153998766259892,0
0.655529190123936,0.147398478690468,0
0.856150337533277,0.144166649582318,0
0.239954271001349,0.17068101649404,0
0.397100756703171,0.162714305154291,0
-0.16754596214869,0.188720807879781,0
-0.809026460230104,0.207535220284349,0
-0.859061524070253,0.205653709976529,0
0.00457336183087447,0.175277153398935,0
1.33018421341163,0.122048992842421,0
0.841017729106208,0.13866155058967,0
-0.791075413572477,0.209754463423717,0
-0.00411576754118105,0.174599293101673,0
0.577501277186543,0.154848715237857,0
0.549247197543075,0.153286741190713,0
0.336802373382945,0.164532755762724,0
-1.88860552249637,0.257570308578573,0
0.500847419318557,0.156688335456745,0
-0.436235972346008,0.199135343300175,0
0.577501277220963,0.154848715235486,0
0.777195314231418,0.143623441981461,0
0.732064813912452,0.148373175393485,0
0.305938402985187,0.163227280213294,0
0.224689816833813,0.164845295335786,0
-0.00873640872250276,0.172070171626327,0
0.685834238990947,0.150801344323263,0
1.66789891004642,0.106339637466754,0
0.118667585946787,0.168555646707336,0
0.22270452870293,0.167215771628154,0
0.851818885546589,0.145365490653421,0
0.0595479343902823,0.174346471945282,0
-1.36303374096091,0.228344478165714,0
0.504303997155631,0.15586290992557,0
-0.278591232800215,0.192456224042886,0
-0.14569169020849,0.181184748442705,0
0.367659563118723,0.161911330495554,0
-0.180100185772145,0.188271384367286,0
0.569488213252568,0.156167185901848,0
-0.283717980480485,0.185892660082466,0
0.865621221934441,0.137865834968363,0
-0.388489431513316,0.189162490589848,0
0.420428943125309,0.163526917742184,0
-0.562315357955855,0.202745818902679,0
0.147993750749047,0.169731378336937,0
1.53732803491446,0.11661466778484,0
0.122768988650885,0.176973090762072,0
-1.78569906527274,0.244939121428677,0
0.106186480009717,0.176799236190753,0
0.130026391467198,0.172253730751518,0
0.470041845725064,0.160427437874483,0
0.159351403771361,0.169007898714309,0
-0.686014422504059,0.20868754650281,0
-0.245525439330504,0.186764482266518,0
-0.859237715127131,0.207549466725565,0
1.32861505184072,0.125281534758684,0
0.0857075280719671,0.178539866684255,0
-0.894994001677926,0.216799850662389,0
1.21366432750208,0.130003616890156,0
0.336802373383381,0.164532755762542,0
0.727718082208453,0.152357392967656,0
-0.00802747780998297,0.176282220825534,0
-0.238059208744392,0.186105102034562,0
-0.0374760312274273,0.184886458019923,0
0.427875579064171,0.161065307370716,0
0.709440206482198,0.153142744333848,0
0.821796687323347,0.150976390605704,0
0.426936301232808,0.160337808105953,0
1.42920669018878,0.125063521158407,0
-0.77214327224648,0.204759995983968,0
0.0154251023052727,0.174533186422439,0
0.872469216737529,0.139719782746627,0
-1.86220150453087,0.249678537835728,0
0.759940738664281,0.151496230318214,0
0.722295929313056,0.146209367127654,0
0.214900967415189,0.176576291794606,0
0.976256649155266,0.14349728096924,0
0.0708083605381553,0.179741288155649,0
0.0794651553854542,0.172603534860677,0
-0.198830918620928,0.184895931567181,0
-0.386659248320573,0.192250913141184,0
1.23859098913724,0.127832316207073,0
0.0715491859169522,0.179670947151724,0
1.1681878112681,0.134088535799478,0
0.488470195522375,0.157642434687717,0
0.40594940089551,0.159321889989056,0
0.222592182155092,0.171974692897195,0
-0.482620830476304,0.199374280686507,0
